objectid,filename,youtubeid,title,format,description,creator,date,date-is-approximate?,item_information,subject,location
bca1001,bca1001.jpeg,,Anne Arundel County Demands Health Protections for Hawkin's Point,image/jpeg,,,1986,,,Factories and Industry,"Hawkins Point Baltimore, MD"
bca1002,bca1002.jpeg,,Anne Arundel County Protests Hawkin's Point Landfill,image/jpeg,,,1986,,,Incinerators and Landfills,"Hawkins Point Baltimore, MD"
bca1003,bca1003.pdf,,Baltimore Purchases Hawkin's Point Landfill Land,application/pdf,,,1982,,,Incinerators and Landfills; Zoning and Discriminatory Housing,"Hawkins Point Baltimore, MD"
bca1004,bca1004.jpeg,,Hawkin's Point GRACE Community Projects Proposals,image/jpeg,,,1984,,,Incinerators and Landfills; Grassroots Organizing; Community Solutions,"Hawkins Point Baltimore, MD"
bca1005,bca1005.pdf,,Hawkin's Point GRACE Purchase Negotiation,application/pdf,,,1982,,,Incinerators and Landfills,"Hawkins Point Baltimore, MD"
bca1007,bca1007.jpeg,,Hawkin's Point Incinerator Proposal,image/jpeg,,,,,,Incinerators and Landfills; Environmental Degradation,"Hawkins Point Baltimore, MD"
bca1008,bca1008.pdf,,Hawkin's Point Landfill Causes Relocation,application/pdf,,,1982,,,Factories and Industry,"Hawkins Point Baltimore, MD"
bca1009,bca1009.jpeg,,Hawkin's Point Landfill Closure Planned,image/jpeg,,,1984,,,Incinerators and Landfills,"Hawkins Point Baltimore, MD"
bca1010,bca1010.pdf,,Hawkin's Point Landfill Delayed,application/pdf,,,1992,,,Zoning and Discriminatory Housing,"Hawkins Point Baltimore, MD"
bca1011,bca1011.pdf,,Hawkin's Point Landfill General Information,application/pdf,,,1986,,,Incinerators and Landfills; Environmental Degradation,"Hawkins Point Baltimore, MD"
bca1012,bca1012.jpeg,,Hawkin's Point Landfill History,image/jpeg,,,1984,,,Incinerators and Landfills,"Hawkins Point Baltimore, MD"
bca1015,bca1015.jpeg,,Hawkin's Point Landfill Proposal Protest,image/jpeg,,,1984,,,Incinerators and Landfills,"Hawkins Point Baltimore, MD"
bca1016,bca1016.jpeg,,Hawkin's Point Landfill Proposal Protest,image/jpeg,,,1986,,,Incinerators and Landfills,"Hawkins Point Baltimore, MD"
bca1017,bca1017.jpeg,,Hawkin's Point Landfill Proposal Protest and Industry Negotiation,image/jpeg,,,1986,yes,,Incinerators and Landfills; Zoning and Discriminatory Housing; Community Solutions,"Hawkins Point Baltimore, MD"
bca1018,bca1018.jpeg,,Hawkin's Point Landfill Proposal Protest from District Delegate,image/jpeg,,,1986,,,Infrastructure and Public Utilities; Zoning and Discriminatory Housing,"Hawkins Point Baltimore, MD"
bca1019,bca1019.pdf,,Hawkin's Point Landfill Repurposing Project Proposals,application/pdf,,,1983,,,Incinerators and Landfills,"Hawkins Point Baltimore, MD"
bca1020,bca1020.jpeg,,Hawkin's Point Quarantine Road Landfill Permit,image/jpeg,,,1984,,,Incinerators and Landfills,"Hawkins Point Baltimore, MD"
bca1021,bca1021.jpeg,,Hawkin's Point Relocation Proposal,image/jpeg,,,1982,,,Zoning and Discriminatory Housing,"Hawkins Point Baltimore, MD"
bca2002,bca2002.jpeg,,Fairfield City Supports Factory Expansion,image/jpeg,,,1983,,,Factories and Industry,"Fairfield Baltimore, MD"
bca2004,bca2004.jpeg,,Fairfield Industrial Growth History,image/jpeg,,,,,,Factories and Industry,"Fairfield Baltimore, MD"
bca2007,bca2007.pdf,,Fairfield Infrastructure and Public Utilities Neglect and Relocation,application/pdf,,,1970,yes,,Factories and Industry,"Fairfield Baltimore, MD"
bca2008,bca2008.jpeg,,Fairfield Relocation Request,image/jpeg,,,1984,,,Factories and Industry,"Fairfield Baltimore, MD"
bca2009,bca2009.pdf,,Fairfield Relocation Support Proposed,application/pdf,,,1979,,,Factories and Industry; Zoning and Discriminatory Housing,"Fairfield Baltimore, MD"
bca2010,bca2010.pdf,,Fairfield Sewer Addition Denied,application/pdf,,,1973,,,Infrastructure and Public Utilities,"Fairfield Baltimore, MD"
bca2012,bca2012.pdf,,Wagner's Point Industry Disaster,application/pdf,,,1986,,,Disaster; Factories and Industry,"Fairfield Baltimore, MD"
bca3001,bca3001.jpeg,,Cherry Hill Reedbird Incinerator Fails and Closes,image/jpeg,,,1976,,,Zoning and Discriminatory Housing,"Westport Baltimore, MD"
bca3002,bca3002.pdf,,Westport Improvement Demands Diluted by City,application/pdf,,,1984,,,Community Solutions; Grassroots Organizing; Infrastructure and Public Utilities,"Westport Baltimore, MD"
bca4001,bca4001.jpeg,,Curtis Bay Fairfield Renewable Energy Project Preparation,image/jpeg,,,1982,,,Incinerators and Landfills,"Curtis Bay Industrial Area Baltimore, MD"
bca4002,bca4002.pdf,,Curtis Bay Incinerator Proposal Protested and City Response,application/pdf,,,1980,,,Disaster; Environmental Degradation; Factories and Industry; Grassroots Organizing; Incinerators and Landfills,"Curtis Bay Industrial Area Baltimore, MD"
bca4004,bca4004.pdf,,Curtis Bay Landfill Program Will Harm Residents,application/pdf,,,1992,,,Environmental Degradation; Grassroots Organizing; Incinerators and Landfills,"Curtis Bay Industrial Area Baltimore, MD"
bca5001,bca5001.pdf,,Baltimore Air Pollution Worsening,application/pdf,,,1972,,,,
bca5003,bca5003.pdf,,Baltimore Council Resists School Desegregation,application/pdf,,,1975,,,Education and Segregation,
bca5004,bca5004.jpeg,,Baltimore Demands Council Support Community Improvements,image/jpeg,,,,,,Grassroots Organizing,
bca5005,bca5005.jpeg,,Baltimore Disaster Addressed Photo,image/jpeg,,,1986,,,Disaster; Factories and Industry,
bca5006,bca5006.jpeg,,Baltimore Environmental Degradation and Disasters,image/jpeg,,,1979,,,Factories and Industry; Zoning and Discriminatory Housing,
bca5007,bca5007.jpeg,,Baltimore Mayor Anticipates Backlash,image/jpeg,,,1986,,,,
bca5008,bca5008.pdf,,Baltimore Toxic Truck Travel Drawing,application/pdf,,,1986,,,Disaster; Factories and Industry; Grassroots Organizing,
bca5009,bca5009.pdf,,Maryland Bill to Increase Hazardous Waste Safety,application/pdf,,,1986,,,,
bmi2002,bmi2002.pdf,,Fairfield Industrial Growth History,application/pdf,,,1976,,,Factories and Industry; Incinerators and Landfills,"Fairfield Baltimore, MD"
bmi2003,bmi2003.pdf,,Fairfield Residential ReZoning and Discriminatory Housing Proposal,application/pdf,,,1972,,,,"Fairfield Baltimore, MD"
bmi4001,bmi4001.jpeg,,Curtis Bay Coal Pier Photo,image/jpeg,,,1976,,,,"Curtis Bay Industrial Area Baltimore, MD"
bmi4002,bmi4002.jpeg,,Curtis Bay Fertilizer Company History,image/jpeg,,,1926,,,Incinerators and Landfills,"Curtis Bay Industrial Area Baltimore, MD"
bmi4005,bmi4005.jpeg,,Curtis Bay Industry Expansion Proposal GRACE,image/jpeg,,,1990,yes,,Incinerators and Landfills; Infrastructure and Public Utilities,"Curtis Bay Industrial Area Baltimore, MD"
bmi4006,bmi4006.pdf,,Curtis Bay Residents Explain History and Choice to Stay,application/pdf,,,1996,,,,"Curtis Bay Industrial Area Baltimore, MD"
bmi5001,bmi5001.pdf,,South Baltimore Industry History,application/pdf,,,1969,,,Incinerators and Landfills; Infrastructure and Public Utilities,
cf3001,cf3001.pdf,,Curtis Bay Protest Cites BRESCO Health Harms,application/pdf,,,2017,,,Environmental Degradation; Grassroots Organizing; Incinerators and Landfills,"Westport Baltimore, MD"
epm1001,epm1001.jpeg,,Hawkin's Point Bridge Planned,image/jpeg,,,1958,,,Infrastructure and Public Utilities,"Hawkins Point Baltimore, MD"
epm1002,epm1002.pdf,,Hawkin's Point General History,application/pdf,,,,,,Infrastructure and Public Utilities,"Hawkins Point Baltimore, MD"
epm1003,epm1003.jpeg,,Hawkin's Point General Residents,image/jpeg,,,1958,,,Infrastructure and Public Utilities,"Hawkins Point Baltimore, MD"
epm1005,epm1005.jpeg,,Hawkin's Point Industrial Infrastructure Expansion,image/jpeg,,,1958,,,Infrastructure and Public Utilities,"Hawkins Point Baltimore, MD"
epm1006,epm1006.jpeg,,Hawkin's Point Landfill Causes Displacement,image/jpeg,,,1982,,,Incinerators and Landfills,"Hawkins Point Baltimore, MD"
epm1008,epm1008.pdf,,Hawkin's Point Landfill Construction Begins,application/pdf,,,1982,,,Incinerators and Landfills; Settler-Colonialism,"Hawkins Point Baltimore, MD"
epm1009,epm1009.jpeg,,Hawkin's Point Landfill Greenlit,image/jpeg,,,1982,,,Incinerators and Landfills; Settler-Colonialism,"Hawkins Point Baltimore, MD"
epm1010,epm1010.jpeg,,Hawkin's Point Landfill Plan Causes Maryland to Propose Resident Relocation,image/jpeg,,,1982,,,Incinerators and Landfills; Infrastructure and Public Utilities,"Hawkins Point Baltimore, MD"
epm1011,epm1011.jpeg,,Hawkin's Point Landfill Planned Without Community Consent,image/jpeg,,,1981,,,Infrastructure and Public Utilities,"Hawkins Point Baltimore, MD"
epm1012,epm1012.jpeg,,Hawkin's Point Landfill Pollution and Neglect,image/jpeg,,,1979,,,Infrastructure and Public Utilities,"Hawkins Point Baltimore, MD"
epm1013,epm1013.pdf,,Hawkin's Point Landfill Preparation,application/pdf,,,1982,,,Infrastructure and Public Utilities,"Hawkins Point Baltimore, MD"
epm1015,epm1015.jpeg,,Hawkin's Point Landfill Proposal Defended,image/jpeg,,,1981,,,Infrastructure and Public Utilities,"Hawkins Point Baltimore, MD"
epm1016,epm1016.pdf,,Hawkin's Point Landfill Proposal Protest,application/pdf,,,1981,,,Infrastructure and Public Utilities,"Hawkins Point Baltimore, MD"
epm1017,epm1017.pdf,,Hawkin's Point Landfill Protested,application/pdf,,,1982,,,Infrastructure and Public Utilities,"Hawkins Point Baltimore, MD"
epm1018,epm1018.jpeg,,Hawkin's Point Landfill Will Cause Debt,image/jpeg,,,1981,,,Infrastructure and Public Utilities,"Hawkins Point Baltimore, MD"
epm1019,epm1019.pdf,,Hawkin's Point Marine Terminal History,application/pdf,,,1958,yes,,Infrastructure and Public Utilities,"Hawkins Point Baltimore, MD"
epm1020,epm1020.jpeg,,Hawkin's Point Quarantine Hospital and Station Daily Life,image/jpeg,,,1963,,,Infrastructure and Public Utilities,"Hawkins Point Baltimore, MD"
epm1021,epm1021.jpeg,,Hawkin's Point Quarantine Hospital and Station Funding,image/jpeg,,,,,,Infrastructure and Public Utilities,"Hawkins Point Baltimore, MD"
epm1022,epm1022.pdf,,Hawkin's Point Quarantine Hospital Mayor Tour,application/pdf,,,1885,,,Infrastructure and Public Utilities; Zoning and Discriminatory Housing,"Hawkins Point Baltimore, MD"
epm1023,epm1023.pdf,,Hawkin's Point Quarantine Road Landfill Harms Health but Reopens,application/pdf,,,1996,,,Infrastructure and Public Utilities,"Hawkins Point Baltimore, MD"
epm1024,epm1024.pdf,,Hawkin's Point Quarantine Road Landfill Opens,application/pdf,,,1981,,,Incinerators and Landfills; Infrastructure and Public Utilities,"Hawkins Point Baltimore, MD"
epm1025,epm1025.jpeg,,Hawkin's Point Quarantine Station Boat,image/jpeg,,,1938,,,Infrastructure and Public Utilities,"Hawkins Point Baltimore, MD"
epm1026,epm1026.jpeg,,Hawkin's Point Quarantine Station Closed and Sold,image/jpeg,,,1961,,,Infrastructure and Public Utilities,"Hawkins Point Baltimore, MD"
epm1027,epm1027.pdf,,Hawkin's Point Quarantine Station Distant Disaster,application/pdf,,,1913,,,Disaster; Infrastructure and Public Utilities; Environmental Degradation,"Hawkins Point Baltimore, MD"
epm1028,epm1028.pdf,,Hawkin's Point Quarantine Station History and Repurposing,application/pdf,,,1963,,,Environmental Degradation; Factories and Industry; Immigration; Infrastructure and Public Utilities,"Hawkins Point Baltimore, MD"
epm1029,epm1029.pdf,,Hawkin's Point Quarantine Station Needs Improvements,application/pdf,,,1899,,,Immigration; Infrastructure and Public Utilities,"Hawkins Point Baltimore, MD"
epm1030,epm1030.pdf,,Hawkin's Point Quarantine Station Park Proposal,application/pdf,,,1961,,,Infrastructure and Public Utilities; Zoning and Discriminatory Housing,"Hawkins Point Baltimore, MD"
epm1031,epm1031.jpeg,,Hawkin's Point Quarantine Station Photo,image/jpeg,,,1932,,,Infrastructure and Public Utilities,"Hawkins Point Baltimore, MD"
epm1032,epm1032.pdf,,Hawkin's Point Residents Resist Relocation,application/pdf,,,1999,,,Infrastructure and Public Utilities; Zoning and Discriminatory Housing,"Hawkins Point Baltimore, MD"
epm1034,epm1034.pdf,,Hawkin's Point Unpeopling History,application/pdf,,,1984,,,Settler-Colonialism,"Hawkins Point Baltimore, MD"
epm1035,epm1035.pdf,,Hawkin's Point WWII Infrastructure and Pier For Sale,application/pdf,,,1952,,,Infrastructure and Public Utilities,"Hawkins Point Baltimore, MD"
epm2001,epm2001.jpeg,,Fairfield and Wagner's Point Gets Sewer Lines,image/jpeg,,,1979,,,Factories and Industry; Zoning and Discriminatory Housing,"Fairfield Baltimore, MD"
epm2002,epm2002.jpeg,,Fairfield and Wagner's Point Residents Leaving,image/jpeg,,,1999,,,Factories and Industry; Zoning and Discriminatory Housing,"Fairfield Baltimore, MD"
epm2003,epm2003.jpeg,,Fairfield Early History,image/jpeg,,,1941,,,,"Fairfield Baltimore, MD"
epm2004,epm2004.pdf,,Fairfield Early Housing Demographics,application/pdf,,,,,,Infrastructure and Public Utilities; Zoning and Discriminatory Housing,"Fairfield Baltimore, MD"
epm2005,epm2005.pdf,,Fairfield General History,application/pdf,,,,,,Military-Industrial Complex; Zoning and Discriminatory Housing,"Fairfield Baltimore, MD"
epm2006,epm2006.pdf,,Fairfield Industrial Area Photos,application/pdf,,,1979,,,Military-Industrial Complex,"Fairfield Baltimore, MD"
epm2007,epm2007.pdf,,Fairfield Industrial Growth History,application/pdf,,,1941,,,Military-Industrial Complex,"Fairfield Baltimore, MD"
epm2008,epm2008.pdf,,Fairfield Relocation General History,application/pdf,,,1999,,,Military-Industrial Complex,"Fairfield Baltimore, MD"
epm2010,epm2010.pdf,,Fairfield Residents and Industry Debate Residential ReZoning and Discriminatory Housing,application/pdf,,,1972,,,Military-Industrial Complex,"Fairfield Baltimore, MD"
epm2011,epm2011.pdf,,Fairfield Residents Demand Relocation and Support,application/pdf,,,1979,,,Military-Industrial Complex,"Fairfield Baltimore, MD"
epm2013,epm2013.jpeg,,Fairfield Residents Ignored by City Hall,image/jpeg,,,1979,,,Military-Industrial Complex,"Fairfield Baltimore, MD"
epm2015,epm2015.jpeg,,Fairfield Zoning and Discriminatory Housing Commission Urges Relocation,image/jpeg,,,1972,,,Military-Industrial Complex,"Fairfield Baltimore, MD"
epm2016,epm2016.pdf,,Wagner's Point Buyout and Relocation Begins,application/pdf,,,2000,,,Military-Industrial Complex,"Fairfield Baltimore, MD"
epm2017,epm2017.pdf,,Wagner's Point Company Offers Relocation Support,application/pdf,,,1999,,,Military-Industrial Complex,"Fairfield Baltimore, MD"
epm2018,epm2018.pdf,,Wagner's Point Final Unpeopling,application/pdf,,,2000,,,Military-Industrial Complex,"Fairfield Baltimore, MD"
epm2019,epm2019.pdf,,Wagner's Point Industry Harms Health,application/pdf,,,1999,,,Military-Industrial Complex,"Fairfield Baltimore, MD"
epm2020,epm2020.pdf,,Wagner's Point Relocation Demands,application/pdf,,,1999,,,Military-Industrial Complex,"Fairfield Baltimore, MD"
epm2021,epm2021.pdf,,Wagner's Point Residential Life General History,application/pdf,,,1982,,,Military-Industrial Complex,"Fairfield Baltimore, MD"
epm3001,epm3001.pdf,,Cherry Hill Reedbird Incinerator and South Baltimore Incineration Expansion Proposal Protests,application/pdf,,,1966,,,Incinerators and Landfills,"Westport Baltimore, MD"
epm3002,epm3002.jpeg,,Cherry Hill Reedbird Incinerator Becomes Park,image/jpeg,,,1956,,,Incinerators and Landfills,"Westport Baltimore, MD"
epm3003,epm3003.jpeg,,Cherry Hill Reedbird Incinerator Details,image/jpeg,,,1933,,,Incinerators and Landfills,"Westport Baltimore, MD"
epm3004,epm3004.jpeg,,Cherry Hill Reedbird Incinerator History and Protest,image/jpeg,,,1932,,,Incinerators and Landfills,"Westport Baltimore, MD"
epm3005,epm3005.jpeg,,Cherry Hill Reedbird Incinerator Passes Capacity,image/jpeg,,,1966,,,Incinerators and Landfills,"Westport Baltimore, MD"
epm4003,epm4003.jpeg,,Curtis Bay Air Pollution,image/jpeg,,,1981,,,Disaster; Environmental Degradation,"Curtis Bay Industrial Area Baltimore, MD"
epm4004,epm4004.pdf,,Curtis Bay BRESCO Air Pollution and Health Harms,application/pdf,,,2017,,,Incinerators and Landfills,"Curtis Bay Industrial Area Baltimore, MD"
epm4005,epm4005.jpeg,,Curtis Bay Civic Pride,image/jpeg,,,1958,,,Grassroots Organizing,"Curtis Bay Industrial Area Baltimore, MD"
epm4006,epm4006.jpeg,,Curtis Bay Daily Air Pollution,image/jpeg,,,1931,,,Environmental Degradation,"Curtis Bay Industrial Area Baltimore, MD"
epm4007,epm4007.pdf,,Curtis Bay Economic Growth History,application/pdf,,,1931,,,Factories and Industry; Settler-Colonialism; Zoning and Discriminatory Housing,"Curtis Bay Industrial Area Baltimore, MD"
epm4008,epm4008.jpeg,,Curtis Bay General Industrial History,image/jpeg,,,1931,,,,"Curtis Bay Industrial Area Baltimore, MD"
epm4009,epm4009.jpeg,,Curtis Bay General Photo,image/jpeg,,,1965,,,Environmental Degradation; Infrastructure and Public Utilities,"Curtis Bay Industrial Area Baltimore, MD"
epm4010,epm4010.pdf,,Curtis Bay Improvement Association General History,application/pdf,,,1962,yes,,,"Curtis Bay Industrial Area Baltimore, MD"
epm4011,epm4011.pdf,,Curtis Bay Industrial Expansion,application/pdf,,,1954,,,Factories and Industry; Military-Industrial Complex,"Curtis Bay Industrial Area Baltimore, MD"
epm4012,epm4012.pdf,,Curtis Bay Industrial Water Pollution,application/pdf,,,1938,,,Environmental Degradation,"Curtis Bay Industrial Area Baltimore, MD"
epm4013,epm4013.jpeg,,Curtis Bay Industries Fined for Pollution,image/jpeg,,,1982,,,Factories and Industry; Incinerators and Landfills; Environmental Degradation,"Curtis Bay Industrial Area Baltimore, MD"
epm4014,epm4014.jpeg,,Curtis Bay Landfill Proposal Protest,image/jpeg,,,1981,,,Environmental Degradation,"Curtis Bay Industrial Area Baltimore, MD"
epm4015,epm4015.pdf,,Curtis Bay Pastoral History,application/pdf,,,1870,yes,,Factories and Industry; Military-Industrial Complex,"Curtis Bay Industrial Area Baltimore, MD"
epm4016,epm4016.jpeg,,Curtis Bay Pastoral History and Photo,image/jpeg,,,1960,,,Factories and Industry,"Curtis Bay Industrial Area Baltimore, MD"
epm4018,epm4018.jpeg,,Curtis Bay PCB Protests,image/jpeg,,,1981,,,Environmental Degradation,"Curtis Bay Industrial Area Baltimore, MD"
epm4019,epm4019.jpeg,,Curtis Bay PCB Removed,image/jpeg,,,1981,,,Factories and Industry,"Curtis Bay Industrial Area Baltimore, MD"
epm4020,epm4020.jpeg,,Curtis Bay PCB Storage,image/jpeg,,,1979,,,Factories and Industry,"Curtis Bay Industrial Area Baltimore, MD"
epm4021,epm4021.jpeg,,Curtis Bay Pennington Ave Landfill Park Conversion Proposal Challenged,image/jpeg,,,1981,,,Incinerators and Landfills,"Curtis Bay Industrial Area Baltimore, MD"
epm4022,epm4022.jpeg,,Curtis Bay Port Industry Growth,image/jpeg,,,1890,,,Factories and Industry,"Curtis Bay Industrial Area Baltimore, MD"
epm4023,epm4023.jpeg,,Curtis Bay Protests Health Harms,image/jpeg,,,1978,,,Community Solutions,"Curtis Bay Industrial Area Baltimore, MD"
epm4025,epm4025.jpeg,,Curtis Bay Coal Pier Hawkin's Point Expansion Proposal,image/jpeg,,,1981,,,Factories and Industry,"Curtis Bay Industrial Area Baltimore, MD"
epm5005,epm5005.pdf,,Baltimore Air Pollution Survey,application/pdf,,,1966,,,Environmental Degradation,
epm5006,epm5006.jpeg,,Baltimore Air Pollution Top in State,image/jpeg,,,1977,,,Environmental Degradation; Military-Industrial Complex,
epm5007,epm5007.jpeg,,Baltimore Air Pollution Violation,image/jpeg,,,1982,,,Environmental Degradation,
epm5008,epm5008.jpeg,,Baltimore Air Pollution Worsening,image/jpeg,,,1983,,,Environmental Degradation,
epm5009,epm5009.pdf,,Baltimore Busing Perpetuates School Segregation,application/pdf,,,1972,,,Education and Segregation,
epm5010,epm5010.pdf,,Baltimore City Passes Racial Zoning and Discriminatory Housing Proposal,application/pdf,,,1911,,,Zoning and Discriminatory Housing,
epm5014,epm5014.pdf,,Baltimore Health Department Budget Cuts Enables Industrial Harm,application/pdf,,,1987,,,Environmental Degradation,
epm5015,epm5015.pdf,,Baltimore Hospital Mitigating Health Harms,application/pdf,,,,,,Infrastructure and Public Utilities,
epm5019,epm5019.pdf,,Baltimore Landfill Neglect Investigated by FBI,application/pdf,,,1996,,,Infrastructure and Public Utilities,
epm5020,epm5020.jpeg,,Baltimore Maps,image/jpeg,,,,,,Zoning and Discriminatory Housing,
epm5021,epm5021.jpeg,,Baltimore MIC Oil Pollution,image/jpeg,,,1969,,,Environmental Degradation; Military-Industrial Complex,
epm5023,epm5023.jpeg,,Baltimore Passes Zoning and Discriminatory Housing Ordinance,image/jpeg,,,1923,,,Zoning and Discriminatory Housing,
epm5024,epm5024.pdf,,Baltimore Pollution Sources Detected,application/pdf,,,1967,,,Environmental Degradation,
epm5025,epm5025.pdf,,Baltimore Racial Housing Causes Ongoing Inequalities,application/pdf,,,2003,,,Factories and Industry; Zoning and Discriminatory Housing,
epm5026,epm5026.pdf,,Baltimore Racial Housing Discrimination,application/pdf,,,1975,,,Zoning and Discriminatory Housing,
epm5027,epm5027.jpeg,,Baltimore Racial Housing Harms Health,image/jpeg,,,1960,,,Infrastructure and Public Utilities; Zoning and Discriminatory Housing,
epm5028,epm5028.pdf,,Baltimore Racial Zoning and Discriminatory Housing Attempt,application/pdf,,,1910,,,Zoning and Discriminatory Housing,
epm5030,epm5030.pdf,,Baltimore School Desegregation Mandated,application/pdf,,,1954,,,Education and Segregation,
epm5031,epm5031.pdf,,Baltimore School Desegregation Plan Non-compliant,application/pdf,,,1974,,,Education and Segregation,
epm5032,epm5032.pdf,,Baltimore Study Housing Harms Health,application/pdf,,,1962,,,Infrastructure and Public Utilities; Zoning and Discriminatory Housing,
epm5033,epm5033.pdf,,Baltimore Use-Based Zoning and Discriminatory Housing Amendments,application/pdf,,,1931,yes,,Zoning and Discriminatory Housing,
epm5034,epm5034.pdf,,Baltimore Use-Based Zoning and Discriminatory Housing Changes,application/pdf,,,1957,,,Zoning and Discriminatory Housing,
epm5036,epm5036.pdf,,Baltimore Use-Based Zoning and Discriminatory Housing Passes,application/pdf,,,1933,,,Zoning and Discriminatory Housing,
epm5037,epm5037.jpeg,,Baltimore Waste Crisis Incinerators Overflowing,image/jpeg,,,1964,,,Incinerators and Landfills,
epm5040,epm5040.pdf,,Baltimore Waste Management Plan,application/pdf,,,1985,yes,,Incinerators and Landfills; Infrastructure and Public Utilities,
epm5041,epm5041.pdf,,Baltimore WWII Housing Registry,application/pdf,,,1943,,,Factories and Industry; Military-Industrial Complex; Zoning and Discriminatory Housing,
epm5042,epm5042.pdf,,Baltimore Zoning and Discriminatory Housing General History,application/pdf,,,1931,,,Zoning and Discriminatory Housing,
epm5043,epm5043.pdf,,Baltimore Zoning and Discriminatory Housing General Information,application/pdf,,,1927,,,Zoning and Discriminatory Housing,
epm5044,epm5044.jpeg,,Curtis Bay Water Rights Protests,image/jpeg,,,1958,,,Community Solutions; Grassroots Organizing; Factories and Industry; Infrastructure and Public Utilities,
epm5045,epm5045.pdf,,Fairfield Peninsula General History,application/pdf,,,,,,,
epm5048,epm5048.jpeg,,Fairfield Peninsula Pastoral Past,image/jpeg,,,1941,,,Zoning and Discriminatory Housing,
epm5049,epm5049.pdf,,Fairfield Peninsula WWII Boom,application/pdf,,,2007,,,Infrastructure and Public Utilities; Zoning and Discriminatory Housing,
epm5051,epm5051.pdf,,Maryland Air Pollution General History and Mitigation Proposals,application/pdf,,,1980,,,Environmental Degradation,
epm5054,epm5054.pdf,,Maryland Denies Infrastructure and Public Utilities Expansion,application/pdf,,,1978,,,Factories and Industry; Infrastructure and Public Utilities,
epm5056,epm5056.pdf,,Maryland Environment Reports,application/pdf,,,1990,,,Education and Segregation; Environmental Degradation; Grassroots Organizing,
epm5057,epm5057.pdf,,Maryland Environmental Degradation Report,application/pdf,,,1982,,,Environmental Degradation; Grassroots Organizing,
epm5059,epm5059.pdf,,Maryland Incineration Accountability Bill,application/pdf,,,2024,,,Incinerators and Landfills,
epm5064,epm5064.pdf,,Maryland Proposes Air Pollution Mitigation,application/pdf,,,1980,,,Factories and Industry,
epm5067,epm5067.pdf,,National Education Air Pollution Harms Health,application/pdf,,,1975,,,Environmental Degradation,
epm5068,epm5068.pdf,,National Legal Precedent Against Racial Zoning and Discriminatory Housing,application/pdf,,,1950,yes,,Zoning and Discriminatory Housing,
epm5069,epm5069.pdf,,Research Industry Air Pollution Harms Health,application/pdf,,,1968,,,Environmental Degradation,
epm5070,epm5070.pdf,,South Baltimore Adult Entertainment Industry General History,application/pdf,,,2003,,,Zoning and Discriminatory Housing,
epm5071,epm5071.jpeg,,South Baltimore Early Industry Growth,image/jpeg,,,1954,,,Environmental Degradation; Factories and Industry,
epm5072,epm5072.pdf,,South Baltimore General History,application/pdf,,,1954,,,Environmental Degradation,
epm5073,epm5073.pdf,,South Baltimore Hawkin's Point Landfill Easements Protests,application/pdf,,,1997,,,Incinerators and Landfills,
epm5074,epm5074.jpeg,,South Baltimore Incinerator Proposals Protest,image/jpeg,,,1932,,,Incinerators and Landfills,
epm5075,epm5075.jpeg,,South Baltimore Industrial Zoning and Discriminatory Housing Promotes Industry Growth,image/jpeg,,,1921,,,Factories and Industry; Zoning and Discriminatory Housing,
epm5076,epm5076.pdf,,South Baltimore Industry Water Pollution,application/pdf,,,1957,,,Environmental Degradation,
epm5077,epm5077.pdf,,South Baltimore Landfill Expansion Proposal and Protest,application/pdf,,,1981,yes,,Incinerators and Landfills; Infrastructure and Public Utilities,
epm5078,epm5078.jpeg,,South Baltimore Map,image/jpeg,,,,,,,
epm5079,epm5079.pdf,,South Baltimore MIC Water Pollution,application/pdf,,,1965,,,Environmental Degradation; Military-Industrial Complex,
epm5080,epm5080.jpeg,,South Baltimore Pre-Industrial Photo,image/jpeg,,,1960,,,Environmental Degradation,
epm5081,epm5081.pdf,,South Baltimore Redlining Proof,application/pdf,,,1978,,,Zoning and Discriminatory Housing,
epm5082,epm5082.pdf,,South Baltimore Survey,application/pdf,,,,,,,
epm5083,epm5083.pdf,,South Baltimore Urban Renewal Investment,application/pdf,,,1996,,,Zoning and Discriminatory Housing,
mhs4001,mhs4001.pdf,,Curtis Bay General History,application/pdf,,,,,,,"Curtis Bay Industrial Area Baltimore, MD"
mhs5001,mhs5001.pdf,,Baltimore Air Pollution Quantities and Sources Identified,application/pdf,,,,,,Environmental Degradation,
mhs5003,mhs5003.pdf,,Baltimore Use-Based Zoning and Discriminatory Housing Map,application/pdf,,,1942,,,Zoning and Discriminatory Housing,
mhs5005,mhs5005.pdf,,South Baltimore General History,application/pdf,,,1976,,,Grassroots Organizing,
ms2001,ms2001.jpeg,,Fairfield Anti-Incinerator Protest,image/jpeg,,,,,,,"Fairfield Baltimore, MD"
ms2002,ms2002.pdf,,Fairfield Industry Expansion Disaster,application/pdf,,,1989,,,,"Fairfield Baltimore, MD"
ms4002,ms4002.jpeg,,Curtis Bay Air Pollution Testing,image/jpeg,,,,,,Community Solutions; Environmental Degradation; Grassroots Organizing,"Curtis Bay Industrial Area Baltimore, MD"
ms4003,ms4003.pdf,,Curtis Bay Chronic Pollution Impact,application/pdf,,,1989,,,Environmental Degradation; Factories and Industry; Incinerators and Landfills,"Curtis Bay Industrial Area Baltimore, MD"
ms5003,ms5003.pdf,,Maryland Anti-Pollution Activism,application/pdf,,,,,,,
ms5007,ms5007.pdf,,South Baltimore Community Activism,application/pdf,,,2005,,,,
ms5008,ms5008.pdf,,South Baltimore Petitions to Leave Baltimore for Anne Arundel County,application/pdf,,,,,,,
oad1001,oad1001.pdf,,Hawkin's Point Quarantine Station Early History,application/pdf,,,1994,,,Infrastructure and Public Utilities; Immigration,"Hawkins Point Baltimore, MD"
oad2001,oad2001.pdf,,Fairfied Industry and City Compete,application/pdf,,,1878,yes,,Factories and Industry; Infrastructure and Public Utilities; Immigration,"Fairfield Baltimore, MD"
oad4001,oad4001.pdf,,Curtis Bay Anti-Incinerator Campaign,application/pdf,,,2015,,,Environmental Degradation; Incinerators and Landfills; Grassroots Organizing,"Curtis Bay Industrial Area Baltimore, MD"
oad4002,oad4002.pdf,,Curtis Bay Incinerator Project Shut Down,application/pdf,,,2016,,,Grassroots Organizing; Incinerators and Landfills,"Curtis Bay Industrial Area Baltimore, MD"
oad4004,oad4004.pdf,,Curtis Bay Youth Anti-Incinerator Campaign,application/pdf,,,2014,,,Community Solutions; Education and Segregation; Environmental Degradation; Grassroots Organizing; Incinerators and Landfills,"Curtis Bay Industrial Area Baltimore, MD"
oad5001,oad5001.pdf,,Baltimore Early Health Report,application/pdf,,,1882,,,Infrastructure and Public Utilities; Immigration,
oad5002,oad5002.pdf,,EPA Report Raises Risk-Assessment Protocols,application/pdf,,,2005,,,Education and Segregation; Environmental Degradation; Incinerators and Landfills,
oad5003,oad5003.pdf,,Industry Report on how to Manipulate Communities to Expand Industry,application/pdf,,,1984,,,Incinerators and Landfills,
oad5004,oad5004.pdf,,South Baltimore Air Pollution Profile,application/pdf,,,2012,,,Environmental Degradation,
oad5005,oad5005.pdf,,South Baltimore Medical Quarantine History,application/pdf,,,1924,yes,,Factories and Industry; Immigration; Infrastructure and Public Utilities; Settler-Colonialism,
umdls1001,umdls1001.pdf,,Hawkin's Point Discarded History,application/pdf,,,2009,,,Infrastructure and Public Utilities; Zoning and Discriminatory Housing,
umdls2001,umdls2001.pdf,,Fairfield Fights for Compensation From WWII,application/pdf,,,2015,,,Factories and Industry; Infrastructure and Public Utilities; Military-Industrial Complex; Zoning and Discriminatory Housing,
umdls5001,umdls5001.pdf,,Baltimore Industrial Expansion Without City Oversight,application/pdf,,,2010,,,Education and Segregation; Factories and Industry; Incinerators and Landfills,
umdls5002,umdls5002.pdf,,Baltimore Zoning and Discriminatory Housing Law History,application/pdf,,,1988,,,Immigration; Zoning and Discriminatory Housing,